Merced/Airfield/airplane00.tif,0
Merced/Airfield/airplane01.tif,0
Merced/Airfield/airplane02.tif,0
Merced/Airfield/airplane03.tif,0
Merced/Airfield/airplane04.tif,0
Merced/Airfield/airplane05.tif,0
Merced/Airfield/airplane06.tif,0
Merced/Airfield/airplane07.tif,0
Merced/Airfield/airplane08.tif,0
Merced/Airfield/airplane09.tif,0
Merced/Airfield/airplane10.tif,0
Merced/Airfield/airplane11.tif,0
Merced/Airfield/airplane12.tif,0
Merced/Airfield/airplane13.tif,0
Merced/Airfield/airplane14.tif,0
Merced/Airfield/airplane15.tif,0
Merced/Airfield/airplane16.tif,0
Merced/Airfield/airplane17.tif,0
Merced/Airfield/airplane18.tif,0
Merced/Airfield/airplane19.tif,0
Merced/Airfield/airplane20.tif,0
Merced/Airfield/airplane21.tif,0
Merced/Airfield/airplane22.tif,0
Merced/Airfield/airplane23.tif,0
Merced/Airfield/airplane24.tif,0
Merced/Airfield/airplane25.tif,0
Merced/Airfield/airplane26.tif,0
Merced/Airfield/airplane27.tif,0
Merced/Airfield/airplane28.tif,0
Merced/Airfield/airplane29.tif,0
Merced/Airfield/airplane30.tif,0
Merced/Airfield/airplane31.tif,0
Merced/Airfield/airplane32.tif,0
Merced/Airfield/airplane33.tif,0
Merced/Airfield/airplane34.tif,0
Merced/Airfield/airplane35.tif,0
Merced/Airfield/airplane36.tif,0
Merced/Airfield/airplane37.tif,0
Merced/Airfield/airplane38.tif,0
Merced/Airfield/airplane39.tif,0
Merced/Airfield/airplane40.tif,0
Merced/Airfield/airplane41.tif,0
Merced/Airfield/airplane42.tif,0
Merced/Airfield/airplane43.tif,0
Merced/Airfield/airplane44.tif,0
Merced/Airfield/airplane45.tif,0
Merced/Airfield/airplane46.tif,0
Merced/Airfield/airplane47.tif,0
Merced/Airfield/airplane48.tif,0
Merced/Airfield/airplane49.tif,0
Merced/Airfield/airplane50.tif,0
Merced/Airfield/airplane51.tif,0
Merced/Airfield/airplane52.tif,0
Merced/Airfield/airplane53.tif,0
Merced/Airfield/airplane54.tif,0
Merced/Airfield/airplane55.tif,0
Merced/Airfield/airplane56.tif,0
Merced/Airfield/airplane57.tif,0
Merced/Airfield/airplane58.tif,0
Merced/Airfield/airplane59.tif,0
Merced/Airfield/airplane60.tif,0
Merced/Airfield/airplane61.tif,0
Merced/Airfield/airplane62.tif,0
Merced/Airfield/airplane63.tif,0
Merced/Airfield/airplane64.tif,0
Merced/Airfield/airplane65.tif,0
Merced/Airfield/airplane66.tif,0
Merced/Airfield/airplane67.tif,0
Merced/Airfield/airplane68.tif,0
Merced/Airfield/airplane69.tif,0
Merced/Airfield/airplane70.tif,0
Merced/Airfield/airplane71.tif,0
Merced/Airfield/airplane72.tif,0
Merced/Airfield/airplane73.tif,0
Merced/Airfield/airplane74.tif,0
Merced/Airfield/airplane75.tif,0
Merced/Airfield/airplane76.tif,0
Merced/Airfield/airplane77.tif,0
Merced/Airfield/airplane78.tif,0
Merced/Airfield/airplane79.tif,0
Merced/Airfield/airplane80.tif,0
Merced/Airfield/airplane81.tif,0
Merced/Airfield/airplane82.tif,0
Merced/Airfield/airplane83.tif,0
Merced/Airfield/airplane84.tif,0
Merced/Airfield/airplane85.tif,0
Merced/Airfield/airplane86.tif,0
Merced/Airfield/airplane87.tif,0
Merced/Airfield/airplane88.tif,0
Merced/Airfield/airplane89.tif,0
Merced/Airfield/airplane90.tif,0
Merced/Airfield/airplane91.tif,0
Merced/Airfield/airplane92.tif,0
Merced/Airfield/airplane93.tif,0
Merced/Airfield/airplane94.tif,0
Merced/Airfield/airplane95.tif,0
Merced/Airfield/airplane96.tif,0
Merced/Airfield/airplane97.tif,0
Merced/Airfield/airplane98.tif,0
Merced/Airfield/airplane99.tif,0
Merced/Anchorage/harbor00.tif,1
Merced/Anchorage/harbor01.tif,1
Merced/Anchorage/harbor02.tif,1
Merced/Anchorage/harbor03.tif,1
Merced/Anchorage/harbor04.tif,1
Merced/Anchorage/harbor05.tif,1
Merced/Anchorage/harbor06.tif,1
Merced/Anchorage/harbor07.tif,1
Merced/Anchorage/harbor08.tif,1
Merced/Anchorage/harbor09.tif,1
Merced/Anchorage/harbor10.tif,1
Merced/Anchorage/harbor11.tif,1
Merced/Anchorage/harbor12.tif,1
Merced/Anchorage/harbor13.tif,1
Merced/Anchorage/harbor14.tif,1
Merced/Anchorage/harbor15.tif,1
Merced/Anchorage/harbor16.tif,1
Merced/Anchorage/harbor17.tif,1
Merced/Anchorage/harbor18.tif,1
Merced/Anchorage/harbor19.tif,1
Merced/Anchorage/harbor20.tif,1
Merced/Anchorage/harbor21.tif,1
Merced/Anchorage/harbor22.tif,1
Merced/Anchorage/harbor23.tif,1
Merced/Anchorage/harbor24.tif,1
Merced/Anchorage/harbor25.tif,1
Merced/Anchorage/harbor26.tif,1
Merced/Anchorage/harbor27.tif,1
Merced/Anchorage/harbor28.tif,1
Merced/Anchorage/harbor29.tif,1
Merced/Anchorage/harbor30.tif,1
Merced/Anchorage/harbor31.tif,1
Merced/Anchorage/harbor32.tif,1
Merced/Anchorage/harbor33.tif,1
Merced/Anchorage/harbor34.tif,1
Merced/Anchorage/harbor35.tif,1
Merced/Anchorage/harbor36.tif,1
Merced/Anchorage/harbor37.tif,1
Merced/Anchorage/harbor38.tif,1
Merced/Anchorage/harbor39.tif,1
Merced/Anchorage/harbor40.tif,1
Merced/Anchorage/harbor41.tif,1
Merced/Anchorage/harbor42.tif,1
Merced/Anchorage/harbor43.tif,1
Merced/Anchorage/harbor44.tif,1
Merced/Anchorage/harbor45.tif,1
Merced/Anchorage/harbor46.tif,1
Merced/Anchorage/harbor47.tif,1
Merced/Anchorage/harbor48.tif,1
Merced/Anchorage/harbor49.tif,1
Merced/Anchorage/harbor50.tif,1
Merced/Anchorage/harbor51.tif,1
Merced/Anchorage/harbor52.tif,1
Merced/Anchorage/harbor53.tif,1
Merced/Anchorage/harbor54.tif,1
Merced/Anchorage/harbor55.tif,1
Merced/Anchorage/harbor56.tif,1
Merced/Anchorage/harbor57.tif,1
Merced/Anchorage/harbor58.tif,1
Merced/Anchorage/harbor59.tif,1
Merced/Anchorage/harbor60.tif,1
Merced/Anchorage/harbor61.tif,1
Merced/Anchorage/harbor62.tif,1
Merced/Anchorage/harbor63.tif,1
Merced/Anchorage/harbor64.tif,1
Merced/Anchorage/harbor65.tif,1
Merced/Anchorage/harbor66.tif,1
Merced/Anchorage/harbor67.tif,1
Merced/Anchorage/harbor68.tif,1
Merced/Anchorage/harbor69.tif,1
Merced/Anchorage/harbor70.tif,1
Merced/Anchorage/harbor71.tif,1
Merced/Anchorage/harbor72.tif,1
Merced/Anchorage/harbor73.tif,1
Merced/Anchorage/harbor74.tif,1
Merced/Anchorage/harbor75.tif,1
Merced/Anchorage/harbor76.tif,1
Merced/Anchorage/harbor77.tif,1
Merced/Anchorage/harbor78.tif,1
Merced/Anchorage/harbor79.tif,1
Merced/Anchorage/harbor80.tif,1
Merced/Anchorage/harbor81.tif,1
Merced/Anchorage/harbor82.tif,1
Merced/Anchorage/harbor83.tif,1
Merced/Anchorage/harbor84.tif,1
Merced/Anchorage/harbor85.tif,1
Merced/Anchorage/harbor86.tif,1
Merced/Anchorage/harbor87.tif,1
Merced/Anchorage/harbor88.tif,1
Merced/Anchorage/harbor89.tif,1
Merced/Anchorage/harbor90.tif,1
Merced/Anchorage/harbor91.tif,1
Merced/Anchorage/harbor92.tif,1
Merced/Anchorage/harbor93.tif,1
Merced/Anchorage/harbor94.tif,1
Merced/Anchorage/harbor95.tif,1
Merced/Anchorage/harbor96.tif,1
Merced/Anchorage/harbor97.tif,1
Merced/Anchorage/harbor98.tif,1
Merced/Anchorage/harbor99.tif,1
Merced/Beach/beach00.tif,2
Merced/Beach/beach01.tif,2
Merced/Beach/beach02.tif,2
Merced/Beach/beach03.tif,2
Merced/Beach/beach04.tif,2
Merced/Beach/beach05.tif,2
Merced/Beach/beach06.tif,2
Merced/Beach/beach07.tif,2
Merced/Beach/beach08.tif,2
Merced/Beach/beach09.tif,2
Merced/Beach/beach10.tif,2
Merced/Beach/beach11.tif,2
Merced/Beach/beach12.tif,2
Merced/Beach/beach13.tif,2
Merced/Beach/beach14.tif,2
Merced/Beach/beach15.tif,2
Merced/Beach/beach16.tif,2
Merced/Beach/beach17.tif,2
Merced/Beach/beach18.tif,2
Merced/Beach/beach19.tif,2
Merced/Beach/beach20.tif,2
Merced/Beach/beach21.tif,2
Merced/Beach/beach22.tif,2
Merced/Beach/beach23.tif,2
Merced/Beach/beach24.tif,2
Merced/Beach/beach25.tif,2
Merced/Beach/beach26.tif,2
Merced/Beach/beach27.tif,2
Merced/Beach/beach28.tif,2
Merced/Beach/beach29.tif,2
Merced/Beach/beach30.tif,2
Merced/Beach/beach31.tif,2
Merced/Beach/beach32.tif,2
Merced/Beach/beach33.tif,2
Merced/Beach/beach34.tif,2
Merced/Beach/beach35.tif,2
Merced/Beach/beach36.tif,2
Merced/Beach/beach37.tif,2
Merced/Beach/beach38.tif,2
Merced/Beach/beach39.tif,2
Merced/Beach/beach40.tif,2
Merced/Beach/beach41.tif,2
Merced/Beach/beach42.tif,2
Merced/Beach/beach43.tif,2
Merced/Beach/beach44.tif,2
Merced/Beach/beach45.tif,2
Merced/Beach/beach46.tif,2
Merced/Beach/beach47.tif,2
Merced/Beach/beach48.tif,2
Merced/Beach/beach49.tif,2
Merced/Beach/beach50.tif,2
Merced/Beach/beach51.tif,2
Merced/Beach/beach52.tif,2
Merced/Beach/beach53.tif,2
Merced/Beach/beach54.tif,2
Merced/Beach/beach55.tif,2
Merced/Beach/beach56.tif,2
Merced/Beach/beach57.tif,2
Merced/Beach/beach58.tif,2
Merced/Beach/beach59.tif,2
Merced/Beach/beach60.tif,2
Merced/Beach/beach61.tif,2
Merced/Beach/beach62.tif,2
Merced/Beach/beach63.tif,2
Merced/Beach/beach64.tif,2
Merced/Beach/beach65.tif,2
Merced/Beach/beach66.tif,2
Merced/Beach/beach67.tif,2
Merced/Beach/beach68.tif,2
Merced/Beach/beach69.tif,2
Merced/Beach/beach70.tif,2
Merced/Beach/beach71.tif,2
Merced/Beach/beach72.tif,2
Merced/Beach/beach73.tif,2
Merced/Beach/beach74.tif,2
Merced/Beach/beach75.tif,2
Merced/Beach/beach76.tif,2
Merced/Beach/beach77.tif,2
Merced/Beach/beach78.tif,2
Merced/Beach/beach79.tif,2
Merced/Beach/beach80.tif,2
Merced/Beach/beach81.tif,2
Merced/Beach/beach82.tif,2
Merced/Beach/beach83.tif,2
Merced/Beach/beach84.tif,2
Merced/Beach/beach85.tif,2
Merced/Beach/beach86.tif,2
Merced/Beach/beach87.tif,2
Merced/Beach/beach88.tif,2
Merced/Beach/beach89.tif,2
Merced/Beach/beach90.tif,2
Merced/Beach/beach91.tif,2
Merced/Beach/beach92.tif,2
Merced/Beach/beach93.tif,2
Merced/Beach/beach94.tif,2
Merced/Beach/beach95.tif,2
Merced/Beach/beach96.tif,2
Merced/Beach/beach97.tif,2
Merced/Beach/beach98.tif,2
Merced/Beach/beach99.tif,2
Merced/Dense_Residential/denseresidential00.tif,3
Merced/Dense_Residential/denseresidential01.tif,3
Merced/Dense_Residential/denseresidential02.tif,3
Merced/Dense_Residential/denseresidential03.tif,3
Merced/Dense_Residential/denseresidential04.tif,3
Merced/Dense_Residential/denseresidential05.tif,3
Merced/Dense_Residential/denseresidential06.tif,3
Merced/Dense_Residential/denseresidential07.tif,3
Merced/Dense_Residential/denseresidential08.tif,3
Merced/Dense_Residential/denseresidential09.tif,3
Merced/Dense_Residential/denseresidential10.tif,3
Merced/Dense_Residential/denseresidential11.tif,3
Merced/Dense_Residential/denseresidential12.tif,3
Merced/Dense_Residential/denseresidential13.tif,3
Merced/Dense_Residential/denseresidential14.tif,3
Merced/Dense_Residential/denseresidential15.tif,3
Merced/Dense_Residential/denseresidential16.tif,3
Merced/Dense_Residential/denseresidential17.tif,3
Merced/Dense_Residential/denseresidential18.tif,3
Merced/Dense_Residential/denseresidential19.tif,3
Merced/Dense_Residential/denseresidential20.tif,3
Merced/Dense_Residential/denseresidential21.tif,3
Merced/Dense_Residential/denseresidential22.tif,3
Merced/Dense_Residential/denseresidential23.tif,3
Merced/Dense_Residential/denseresidential24.tif,3
Merced/Dense_Residential/denseresidential25.tif,3
Merced/Dense_Residential/denseresidential26.tif,3
Merced/Dense_Residential/denseresidential27.tif,3
Merced/Dense_Residential/denseresidential28.tif,3
Merced/Dense_Residential/denseresidential29.tif,3
Merced/Dense_Residential/denseresidential30.tif,3
Merced/Dense_Residential/denseresidential31.tif,3
Merced/Dense_Residential/denseresidential32.tif,3
Merced/Dense_Residential/denseresidential33.tif,3
Merced/Dense_Residential/denseresidential34.tif,3
Merced/Dense_Residential/denseresidential35.tif,3
Merced/Dense_Residential/denseresidential36.tif,3
Merced/Dense_Residential/denseresidential37.tif,3
Merced/Dense_Residential/denseresidential38.tif,3
Merced/Dense_Residential/denseresidential39.tif,3
Merced/Dense_Residential/denseresidential40.tif,3
Merced/Dense_Residential/denseresidential41.tif,3
Merced/Dense_Residential/denseresidential42.tif,3
Merced/Dense_Residential/denseresidential43.tif,3
Merced/Dense_Residential/denseresidential44.tif,3
Merced/Dense_Residential/denseresidential45.tif,3
Merced/Dense_Residential/denseresidential46.tif,3
Merced/Dense_Residential/denseresidential47.tif,3
Merced/Dense_Residential/denseresidential48.tif,3
Merced/Dense_Residential/denseresidential49.tif,3
Merced/Dense_Residential/denseresidential50.tif,3
Merced/Dense_Residential/denseresidential51.tif,3
Merced/Dense_Residential/denseresidential52.tif,3
Merced/Dense_Residential/denseresidential53.tif,3
Merced/Dense_Residential/denseresidential54.tif,3
Merced/Dense_Residential/denseresidential55.tif,3
Merced/Dense_Residential/denseresidential56.tif,3
Merced/Dense_Residential/denseresidential57.tif,3
Merced/Dense_Residential/denseresidential58.tif,3
Merced/Dense_Residential/denseresidential59.tif,3
Merced/Dense_Residential/denseresidential60.tif,3
Merced/Dense_Residential/denseresidential61.tif,3
Merced/Dense_Residential/denseresidential62.tif,3
Merced/Dense_Residential/denseresidential63.tif,3
Merced/Dense_Residential/denseresidential64.tif,3
Merced/Dense_Residential/denseresidential65.tif,3
Merced/Dense_Residential/denseresidential66.tif,3
Merced/Dense_Residential/denseresidential67.tif,3
Merced/Dense_Residential/denseresidential68.tif,3
Merced/Dense_Residential/denseresidential69.tif,3
Merced/Dense_Residential/denseresidential70.tif,3
Merced/Dense_Residential/denseresidential71.tif,3
Merced/Dense_Residential/denseresidential72.tif,3
Merced/Dense_Residential/denseresidential73.tif,3
Merced/Dense_Residential/denseresidential74.tif,3
Merced/Dense_Residential/denseresidential75.tif,3
Merced/Dense_Residential/denseresidential76.tif,3
Merced/Dense_Residential/denseresidential77.tif,3
Merced/Dense_Residential/denseresidential78.tif,3
Merced/Dense_Residential/denseresidential79.tif,3
Merced/Dense_Residential/denseresidential80.tif,3
Merced/Dense_Residential/denseresidential81.tif,3
Merced/Dense_Residential/denseresidential82.tif,3
Merced/Dense_Residential/denseresidential83.tif,3
Merced/Dense_Residential/denseresidential84.tif,3
Merced/Dense_Residential/denseresidential85.tif,3
Merced/Dense_Residential/denseresidential86.tif,3
Merced/Dense_Residential/denseresidential87.tif,3
Merced/Dense_Residential/denseresidential88.tif,3
Merced/Dense_Residential/denseresidential89.tif,3
Merced/Dense_Residential/denseresidential90.tif,3
Merced/Dense_Residential/denseresidential91.tif,3
Merced/Dense_Residential/denseresidential92.tif,3
Merced/Dense_Residential/denseresidential93.tif,3
Merced/Dense_Residential/denseresidential94.tif,3
Merced/Dense_Residential/denseresidential95.tif,3
Merced/Dense_Residential/denseresidential96.tif,3
Merced/Dense_Residential/denseresidential97.tif,3
Merced/Dense_Residential/denseresidential98.tif,3
Merced/Dense_Residential/denseresidential99.tif,3
Merced/Farm/agricultural00.tif,4
Merced/Farm/agricultural01.tif,4
Merced/Farm/agricultural02.tif,4
Merced/Farm/agricultural03.tif,4
Merced/Farm/agricultural04.tif,4
Merced/Farm/agricultural05.tif,4
Merced/Farm/agricultural06.tif,4
Merced/Farm/agricultural07.tif,4
Merced/Farm/agricultural08.tif,4
Merced/Farm/agricultural09.tif,4
Merced/Farm/agricultural10.tif,4
Merced/Farm/agricultural11.tif,4
Merced/Farm/agricultural12.tif,4
Merced/Farm/agricultural13.tif,4
Merced/Farm/agricultural14.tif,4
Merced/Farm/agricultural15.tif,4
Merced/Farm/agricultural16.tif,4
Merced/Farm/agricultural17.tif,4
Merced/Farm/agricultural18.tif,4
Merced/Farm/agricultural19.tif,4
Merced/Farm/agricultural20.tif,4
Merced/Farm/agricultural21.tif,4
Merced/Farm/agricultural22.tif,4
Merced/Farm/agricultural23.tif,4
Merced/Farm/agricultural24.tif,4
Merced/Farm/agricultural25.tif,4
Merced/Farm/agricultural26.tif,4
Merced/Farm/agricultural27.tif,4
Merced/Farm/agricultural28.tif,4
Merced/Farm/agricultural29.tif,4
Merced/Farm/agricultural30.tif,4
Merced/Farm/agricultural31.tif,4
Merced/Farm/agricultural32.tif,4
Merced/Farm/agricultural33.tif,4
Merced/Farm/agricultural34.tif,4
Merced/Farm/agricultural35.tif,4
Merced/Farm/agricultural36.tif,4
Merced/Farm/agricultural37.tif,4
Merced/Farm/agricultural38.tif,4
Merced/Farm/agricultural39.tif,4
Merced/Farm/agricultural40.tif,4
Merced/Farm/agricultural41.tif,4
Merced/Farm/agricultural42.tif,4
Merced/Farm/agricultural43.tif,4
Merced/Farm/agricultural44.tif,4
Merced/Farm/agricultural45.tif,4
Merced/Farm/agricultural46.tif,4
Merced/Farm/agricultural47.tif,4
Merced/Farm/agricultural48.tif,4
Merced/Farm/agricultural49.tif,4
Merced/Farm/agricultural50.tif,4
Merced/Farm/agricultural51.tif,4
Merced/Farm/agricultural52.tif,4
Merced/Farm/agricultural53.tif,4
Merced/Farm/agricultural54.tif,4
Merced/Farm/agricultural55.tif,4
Merced/Farm/agricultural56.tif,4
Merced/Farm/agricultural57.tif,4
Merced/Farm/agricultural58.tif,4
Merced/Farm/agricultural59.tif,4
Merced/Farm/agricultural60.tif,4
Merced/Farm/agricultural61.tif,4
Merced/Farm/agricultural62.tif,4
Merced/Farm/agricultural63.tif,4
Merced/Farm/agricultural64.tif,4
Merced/Farm/agricultural65.tif,4
Merced/Farm/agricultural66.tif,4
Merced/Farm/agricultural67.tif,4
Merced/Farm/agricultural68.tif,4
Merced/Farm/agricultural69.tif,4
Merced/Farm/agricultural70.tif,4
Merced/Farm/agricultural71.tif,4
Merced/Farm/agricultural72.tif,4
Merced/Farm/agricultural73.tif,4
Merced/Farm/agricultural74.tif,4
Merced/Farm/agricultural75.tif,4
Merced/Farm/agricultural76.tif,4
Merced/Farm/agricultural77.tif,4
Merced/Farm/agricultural78.tif,4
Merced/Farm/agricultural79.tif,4
Merced/Farm/agricultural80.tif,4
Merced/Farm/agricultural81.tif,4
Merced/Farm/agricultural82.tif,4
Merced/Farm/agricultural83.tif,4
Merced/Farm/agricultural84.tif,4
Merced/Farm/agricultural85.tif,4
Merced/Farm/agricultural86.tif,4
Merced/Farm/agricultural87.tif,4
Merced/Farm/agricultural88.tif,4
Merced/Farm/agricultural89.tif,4
Merced/Farm/agricultural90.tif,4
Merced/Farm/agricultural91.tif,4
Merced/Farm/agricultural92.tif,4
Merced/Farm/agricultural93.tif,4
Merced/Farm/agricultural94.tif,4
Merced/Farm/agricultural95.tif,4
Merced/Farm/agricultural96.tif,4
Merced/Farm/agricultural97.tif,4
Merced/Farm/agricultural98.tif,4
Merced/Farm/agricultural99.tif,4
Merced/Flyover/overpass00.tif,5
Merced/Flyover/overpass01.tif,5
Merced/Flyover/overpass02.tif,5
Merced/Flyover/overpass03.tif,5
Merced/Flyover/overpass04.tif,5
Merced/Flyover/overpass05.tif,5
Merced/Flyover/overpass06.tif,5
Merced/Flyover/overpass07.tif,5
Merced/Flyover/overpass08.tif,5
Merced/Flyover/overpass09.tif,5
Merced/Flyover/overpass10.tif,5
Merced/Flyover/overpass11.tif,5
Merced/Flyover/overpass12.tif,5
Merced/Flyover/overpass13.tif,5
Merced/Flyover/overpass14.tif,5
Merced/Flyover/overpass15.tif,5
Merced/Flyover/overpass16.tif,5
Merced/Flyover/overpass17.tif,5
Merced/Flyover/overpass18.tif,5
Merced/Flyover/overpass19.tif,5
Merced/Flyover/overpass20.tif,5
Merced/Flyover/overpass21.tif,5
Merced/Flyover/overpass22.tif,5
Merced/Flyover/overpass23.tif,5
Merced/Flyover/overpass24.tif,5
Merced/Flyover/overpass25.tif,5
Merced/Flyover/overpass26.tif,5
Merced/Flyover/overpass27.tif,5
Merced/Flyover/overpass28.tif,5
Merced/Flyover/overpass29.tif,5
Merced/Flyover/overpass30.tif,5
Merced/Flyover/overpass31.tif,5
Merced/Flyover/overpass32.tif,5
Merced/Flyover/overpass33.tif,5
Merced/Flyover/overpass34.tif,5
Merced/Flyover/overpass35.tif,5
Merced/Flyover/overpass36.tif,5
Merced/Flyover/overpass37.tif,5
Merced/Flyover/overpass38.tif,5
Merced/Flyover/overpass39.tif,5
Merced/Flyover/overpass40.tif,5
Merced/Flyover/overpass41.tif,5
Merced/Flyover/overpass42.tif,5
Merced/Flyover/overpass43.tif,5
Merced/Flyover/overpass44.tif,5
Merced/Flyover/overpass45.tif,5
Merced/Flyover/overpass46.tif,5
Merced/Flyover/overpass47.tif,5
Merced/Flyover/overpass48.tif,5
Merced/Flyover/overpass49.tif,5
Merced/Flyover/overpass50.tif,5
Merced/Flyover/overpass51.tif,5
Merced/Flyover/overpass52.tif,5
Merced/Flyover/overpass53.tif,5
Merced/Flyover/overpass54.tif,5
Merced/Flyover/overpass55.tif,5
Merced/Flyover/overpass56.tif,5
Merced/Flyover/overpass57.tif,5
Merced/Flyover/overpass58.tif,5
Merced/Flyover/overpass59.tif,5
Merced/Flyover/overpass60.tif,5
Merced/Flyover/overpass61.tif,5
Merced/Flyover/overpass62.tif,5
Merced/Flyover/overpass63.tif,5
Merced/Flyover/overpass64.tif,5
Merced/Flyover/overpass65.tif,5
Merced/Flyover/overpass66.tif,5
Merced/Flyover/overpass67.tif,5
Merced/Flyover/overpass68.tif,5
Merced/Flyover/overpass69.tif,5
Merced/Flyover/overpass70.tif,5
Merced/Flyover/overpass71.tif,5
Merced/Flyover/overpass72.tif,5
Merced/Flyover/overpass73.tif,5
Merced/Flyover/overpass74.tif,5
Merced/Flyover/overpass75.tif,5
Merced/Flyover/overpass76.tif,5
Merced/Flyover/overpass77.tif,5
Merced/Flyover/overpass78.tif,5
Merced/Flyover/overpass79.tif,5
Merced/Flyover/overpass80.tif,5
Merced/Flyover/overpass81.tif,5
Merced/Flyover/overpass82.tif,5
Merced/Flyover/overpass83.tif,5
Merced/Flyover/overpass84.tif,5
Merced/Flyover/overpass85.tif,5
Merced/Flyover/overpass86.tif,5
Merced/Flyover/overpass87.tif,5
Merced/Flyover/overpass88.tif,5
Merced/Flyover/overpass89.tif,5
Merced/Flyover/overpass90.tif,5
Merced/Flyover/overpass91.tif,5
Merced/Flyover/overpass92.tif,5
Merced/Flyover/overpass93.tif,5
Merced/Flyover/overpass94.tif,5
Merced/Flyover/overpass95.tif,5
Merced/Flyover/overpass96.tif,5
Merced/Flyover/overpass97.tif,5
Merced/Flyover/overpass98.tif,5
Merced/Flyover/overpass99.tif,5
Merced/Forest/forest00.tif,6
Merced/Forest/forest01.tif,6
Merced/Forest/forest02.tif,6
Merced/Forest/forest03.tif,6
Merced/Forest/forest04.tif,6
Merced/Forest/forest05.tif,6
Merced/Forest/forest06.tif,6
Merced/Forest/forest07.tif,6
Merced/Forest/forest08.tif,6
Merced/Forest/forest09.tif,6
Merced/Forest/forest10.tif,6
Merced/Forest/forest11.tif,6
Merced/Forest/forest12.tif,6
Merced/Forest/forest13.tif,6
Merced/Forest/forest14.tif,6
Merced/Forest/forest15.tif,6
Merced/Forest/forest16.tif,6
Merced/Forest/forest17.tif,6
Merced/Forest/forest18.tif,6
Merced/Forest/forest19.tif,6
Merced/Forest/forest20.tif,6
Merced/Forest/forest21.tif,6
Merced/Forest/forest22.tif,6
Merced/Forest/forest23.tif,6
Merced/Forest/forest24.tif,6
Merced/Forest/forest25.tif,6
Merced/Forest/forest26.tif,6
Merced/Forest/forest27.tif,6
Merced/Forest/forest28.tif,6
Merced/Forest/forest29.tif,6
Merced/Forest/forest30.tif,6
Merced/Forest/forest31.tif,6
Merced/Forest/forest32.tif,6
Merced/Forest/forest33.tif,6
Merced/Forest/forest34.tif,6
Merced/Forest/forest35.tif,6
Merced/Forest/forest36.tif,6
Merced/Forest/forest37.tif,6
Merced/Forest/forest38.tif,6
Merced/Forest/forest39.tif,6
Merced/Forest/forest40.tif,6
Merced/Forest/forest41.tif,6
Merced/Forest/forest42.tif,6
Merced/Forest/forest43.tif,6
Merced/Forest/forest44.tif,6
Merced/Forest/forest45.tif,6
Merced/Forest/forest46.tif,6
Merced/Forest/forest47.tif,6
Merced/Forest/forest48.tif,6
Merced/Forest/forest49.tif,6
Merced/Forest/forest50.tif,6
Merced/Forest/forest51.tif,6
Merced/Forest/forest52.tif,6
Merced/Forest/forest53.tif,6
Merced/Forest/forest54.tif,6
Merced/Forest/forest55.tif,6
Merced/Forest/forest56.tif,6
Merced/Forest/forest57.tif,6
Merced/Forest/forest58.tif,6
Merced/Forest/forest59.tif,6
Merced/Forest/forest60.tif,6
Merced/Forest/forest61.tif,6
Merced/Forest/forest62.tif,6
Merced/Forest/forest63.tif,6
Merced/Forest/forest64.tif,6
Merced/Forest/forest65.tif,6
Merced/Forest/forest66.tif,6
Merced/Forest/forest67.tif,6
Merced/Forest/forest68.tif,6
Merced/Forest/forest69.tif,6
Merced/Forest/forest70.tif,6
Merced/Forest/forest71.tif,6
Merced/Forest/forest72.tif,6
Merced/Forest/forest73.tif,6
Merced/Forest/forest74.tif,6
Merced/Forest/forest75.tif,6
Merced/Forest/forest76.tif,6
Merced/Forest/forest77.tif,6
Merced/Forest/forest78.tif,6
Merced/Forest/forest79.tif,6
Merced/Forest/forest80.tif,6
Merced/Forest/forest81.tif,6
Merced/Forest/forest82.tif,6
Merced/Forest/forest83.tif,6
Merced/Forest/forest84.tif,6
Merced/Forest/forest85.tif,6
Merced/Forest/forest86.tif,6
Merced/Forest/forest87.tif,6
Merced/Forest/forest88.tif,6
Merced/Forest/forest89.tif,6
Merced/Forest/forest90.tif,6
Merced/Forest/forest91.tif,6
Merced/Forest/forest92.tif,6
Merced/Forest/forest93.tif,6
Merced/Forest/forest94.tif,6
Merced/Forest/forest95.tif,6
Merced/Forest/forest96.tif,6
Merced/Forest/forest97.tif,6
Merced/Forest/forest98.tif,6
Merced/Forest/forest99.tif,6
Merced/Game_Space/tenniscourt00.tif,7
Merced/Game_Space/tenniscourt01.tif,7
Merced/Game_Space/tenniscourt02.tif,7
Merced/Game_Space/tenniscourt03.tif,7
Merced/Game_Space/tenniscourt04.tif,7
Merced/Game_Space/tenniscourt05.tif,7
Merced/Game_Space/tenniscourt06.tif,7
Merced/Game_Space/tenniscourt07.tif,7
Merced/Game_Space/tenniscourt08.tif,7
Merced/Game_Space/tenniscourt09.tif,7
Merced/Game_Space/tenniscourt10.tif,7
Merced/Game_Space/tenniscourt11.tif,7
Merced/Game_Space/tenniscourt12.tif,7
Merced/Game_Space/tenniscourt13.tif,7
Merced/Game_Space/tenniscourt14.tif,7
Merced/Game_Space/tenniscourt15.tif,7
Merced/Game_Space/tenniscourt16.tif,7
Merced/Game_Space/tenniscourt17.tif,7
Merced/Game_Space/tenniscourt18.tif,7
Merced/Game_Space/tenniscourt19.tif,7
Merced/Game_Space/tenniscourt20.tif,7
Merced/Game_Space/tenniscourt21.tif,7
Merced/Game_Space/tenniscourt22.tif,7
Merced/Game_Space/tenniscourt23.tif,7
Merced/Game_Space/tenniscourt24.tif,7
Merced/Game_Space/tenniscourt25.tif,7
Merced/Game_Space/tenniscourt26.tif,7
Merced/Game_Space/tenniscourt27.tif,7
Merced/Game_Space/tenniscourt28.tif,7
Merced/Game_Space/tenniscourt29.tif,7
Merced/Game_Space/tenniscourt30.tif,7
Merced/Game_Space/tenniscourt31.tif,7
Merced/Game_Space/tenniscourt32.tif,7
Merced/Game_Space/tenniscourt33.tif,7
Merced/Game_Space/tenniscourt34.tif,7
Merced/Game_Space/tenniscourt35.tif,7
Merced/Game_Space/tenniscourt36.tif,7
Merced/Game_Space/tenniscourt37.tif,7
Merced/Game_Space/tenniscourt38.tif,7
Merced/Game_Space/tenniscourt39.tif,7
Merced/Game_Space/tenniscourt40.tif,7
Merced/Game_Space/tenniscourt41.tif,7
Merced/Game_Space/tenniscourt42.tif,7
Merced/Game_Space/tenniscourt43.tif,7
Merced/Game_Space/tenniscourt44.tif,7
Merced/Game_Space/tenniscourt45.tif,7
Merced/Game_Space/tenniscourt46.tif,7
Merced/Game_Space/tenniscourt47.tif,7
Merced/Game_Space/tenniscourt48.tif,7
Merced/Game_Space/tenniscourt49.tif,7
Merced/Game_Space/tenniscourt50.tif,7
Merced/Game_Space/tenniscourt51.tif,7
Merced/Game_Space/tenniscourt52.tif,7
Merced/Game_Space/tenniscourt53.tif,7
Merced/Game_Space/tenniscourt54.tif,7
Merced/Game_Space/tenniscourt55.tif,7
Merced/Game_Space/tenniscourt56.tif,7
Merced/Game_Space/tenniscourt57.tif,7
Merced/Game_Space/tenniscourt58.tif,7
Merced/Game_Space/tenniscourt59.tif,7
Merced/Game_Space/tenniscourt60.tif,7
Merced/Game_Space/tenniscourt61.tif,7
Merced/Game_Space/tenniscourt62.tif,7
Merced/Game_Space/tenniscourt63.tif,7
Merced/Game_Space/tenniscourt64.tif,7
Merced/Game_Space/tenniscourt65.tif,7
Merced/Game_Space/tenniscourt66.tif,7
Merced/Game_Space/tenniscourt67.tif,7
Merced/Game_Space/tenniscourt68.tif,7
Merced/Game_Space/tenniscourt69.tif,7
Merced/Game_Space/tenniscourt70.tif,7
Merced/Game_Space/tenniscourt71.tif,7
Merced/Game_Space/tenniscourt72.tif,7
Merced/Game_Space/tenniscourt73.tif,7
Merced/Game_Space/tenniscourt74.tif,7
Merced/Game_Space/tenniscourt75.tif,7
Merced/Game_Space/tenniscourt76.tif,7
Merced/Game_Space/tenniscourt77.tif,7
Merced/Game_Space/tenniscourt78.tif,7
Merced/Game_Space/tenniscourt79.tif,7
Merced/Game_Space/tenniscourt80.tif,7
Merced/Game_Space/tenniscourt81.tif,7
Merced/Game_Space/tenniscourt82.tif,7
Merced/Game_Space/tenniscourt83.tif,7
Merced/Game_Space/tenniscourt84.tif,7
Merced/Game_Space/tenniscourt85.tif,7
Merced/Game_Space/tenniscourt86.tif,7
Merced/Game_Space/tenniscourt87.tif,7
Merced/Game_Space/tenniscourt88.tif,7
Merced/Game_Space/tenniscourt89.tif,7
Merced/Game_Space/tenniscourt90.tif,7
Merced/Game_Space/tenniscourt91.tif,7
Merced/Game_Space/tenniscourt92.tif,7
Merced/Game_Space/tenniscourt93.tif,7
Merced/Game_Space/tenniscourt94.tif,7
Merced/Game_Space/tenniscourt95.tif,7
Merced/Game_Space/tenniscourt96.tif,7
Merced/Game_Space/tenniscourt97.tif,7
Merced/Game_Space/tenniscourt98.tif,7
Merced/Game_Space/tenniscourt99.tif,7
Merced/Parking_Space/parkinglot00.tif,8
Merced/Parking_Space/parkinglot01.tif,8
Merced/Parking_Space/parkinglot02.tif,8
Merced/Parking_Space/parkinglot03.tif,8
Merced/Parking_Space/parkinglot04.tif,8
Merced/Parking_Space/parkinglot05.tif,8
Merced/Parking_Space/parkinglot06.tif,8
Merced/Parking_Space/parkinglot07.tif,8
Merced/Parking_Space/parkinglot08.tif,8
Merced/Parking_Space/parkinglot09.tif,8
Merced/Parking_Space/parkinglot10.tif,8
Merced/Parking_Space/parkinglot11.tif,8
Merced/Parking_Space/parkinglot12.tif,8
Merced/Parking_Space/parkinglot13.tif,8
Merced/Parking_Space/parkinglot14.tif,8
Merced/Parking_Space/parkinglot15.tif,8
Merced/Parking_Space/parkinglot16.tif,8
Merced/Parking_Space/parkinglot17.tif,8
Merced/Parking_Space/parkinglot18.tif,8
Merced/Parking_Space/parkinglot19.tif,8
Merced/Parking_Space/parkinglot20.tif,8
Merced/Parking_Space/parkinglot21.tif,8
Merced/Parking_Space/parkinglot22.tif,8
Merced/Parking_Space/parkinglot23.tif,8
Merced/Parking_Space/parkinglot24.tif,8
Merced/Parking_Space/parkinglot25.tif,8
Merced/Parking_Space/parkinglot26.tif,8
Merced/Parking_Space/parkinglot27.tif,8
Merced/Parking_Space/parkinglot28.tif,8
Merced/Parking_Space/parkinglot29.tif,8
Merced/Parking_Space/parkinglot30.tif,8
Merced/Parking_Space/parkinglot31.tif,8
Merced/Parking_Space/parkinglot32.tif,8
Merced/Parking_Space/parkinglot33.tif,8
Merced/Parking_Space/parkinglot34.tif,8
Merced/Parking_Space/parkinglot35.tif,8
Merced/Parking_Space/parkinglot36.tif,8
Merced/Parking_Space/parkinglot37.tif,8
Merced/Parking_Space/parkinglot38.tif,8
Merced/Parking_Space/parkinglot39.tif,8
Merced/Parking_Space/parkinglot40.tif,8
Merced/Parking_Space/parkinglot41.tif,8
Merced/Parking_Space/parkinglot42.tif,8
Merced/Parking_Space/parkinglot43.tif,8
Merced/Parking_Space/parkinglot44.tif,8
Merced/Parking_Space/parkinglot45.tif,8
Merced/Parking_Space/parkinglot46.tif,8
Merced/Parking_Space/parkinglot47.tif,8
Merced/Parking_Space/parkinglot48.tif,8
Merced/Parking_Space/parkinglot49.tif,8
Merced/Parking_Space/parkinglot50.tif,8
Merced/Parking_Space/parkinglot51.tif,8
Merced/Parking_Space/parkinglot52.tif,8
Merced/Parking_Space/parkinglot53.tif,8
Merced/Parking_Space/parkinglot54.tif,8
Merced/Parking_Space/parkinglot55.tif,8
Merced/Parking_Space/parkinglot56.tif,8
Merced/Parking_Space/parkinglot57.tif,8
Merced/Parking_Space/parkinglot58.tif,8
Merced/Parking_Space/parkinglot59.tif,8
Merced/Parking_Space/parkinglot60.tif,8
Merced/Parking_Space/parkinglot61.tif,8
Merced/Parking_Space/parkinglot62.tif,8
Merced/Parking_Space/parkinglot63.tif,8
Merced/Parking_Space/parkinglot64.tif,8
Merced/Parking_Space/parkinglot65.tif,8
Merced/Parking_Space/parkinglot66.tif,8
Merced/Parking_Space/parkinglot67.tif,8
Merced/Parking_Space/parkinglot68.tif,8
Merced/Parking_Space/parkinglot69.tif,8
Merced/Parking_Space/parkinglot70.tif,8
Merced/Parking_Space/parkinglot71.tif,8
Merced/Parking_Space/parkinglot72.tif,8
Merced/Parking_Space/parkinglot73.tif,8
Merced/Parking_Space/parkinglot74.tif,8
Merced/Parking_Space/parkinglot75.tif,8
Merced/Parking_Space/parkinglot76.tif,8
Merced/Parking_Space/parkinglot77.tif,8
Merced/Parking_Space/parkinglot78.tif,8
Merced/Parking_Space/parkinglot79.tif,8
Merced/Parking_Space/parkinglot80.tif,8
Merced/Parking_Space/parkinglot81.tif,8
Merced/Parking_Space/parkinglot82.tif,8
Merced/Parking_Space/parkinglot83.tif,8
Merced/Parking_Space/parkinglot84.tif,8
Merced/Parking_Space/parkinglot85.tif,8
Merced/Parking_Space/parkinglot86.tif,8
Merced/Parking_Space/parkinglot87.tif,8
Merced/Parking_Space/parkinglot88.tif,8
Merced/Parking_Space/parkinglot89.tif,8
Merced/Parking_Space/parkinglot90.tif,8
Merced/Parking_Space/parkinglot91.tif,8
Merced/Parking_Space/parkinglot92.tif,8
Merced/Parking_Space/parkinglot93.tif,8
Merced/Parking_Space/parkinglot94.tif,8
Merced/Parking_Space/parkinglot95.tif,8
Merced/Parking_Space/parkinglot96.tif,8
Merced/Parking_Space/parkinglot97.tif,8
Merced/Parking_Space/parkinglot98.tif,8
Merced/Parking_Space/parkinglot99.tif,8
Merced/River/river00.tif,9
Merced/River/river01.tif,9
Merced/River/river02.tif,9
Merced/River/river03.tif,9
Merced/River/river04.tif,9
Merced/River/river05.tif,9
Merced/River/river06.tif,9
Merced/River/river07.tif,9
Merced/River/river08.tif,9
Merced/River/river09.tif,9
Merced/River/river10.tif,9
Merced/River/river11.tif,9
Merced/River/river12.tif,9
Merced/River/river13.tif,9
Merced/River/river14.tif,9
Merced/River/river15.tif,9
Merced/River/river16.tif,9
Merced/River/river17.tif,9
Merced/River/river18.tif,9
Merced/River/river19.tif,9
Merced/River/river20.tif,9
Merced/River/river21.tif,9
Merced/River/river22.tif,9
Merced/River/river23.tif,9
Merced/River/river24.tif,9
Merced/River/river25.tif,9
Merced/River/river26.tif,9
Merced/River/river27.tif,9
Merced/River/river28.tif,9
Merced/River/river29.tif,9
Merced/River/river30.tif,9
Merced/River/river31.tif,9
Merced/River/river32.tif,9
Merced/River/river33.tif,9
Merced/River/river34.tif,9
Merced/River/river35.tif,9
Merced/River/river36.tif,9
Merced/River/river37.tif,9
Merced/River/river38.tif,9
Merced/River/river39.tif,9
Merced/River/river40.tif,9
Merced/River/river41.tif,9
Merced/River/river42.tif,9
Merced/River/river43.tif,9
Merced/River/river44.tif,9
Merced/River/river45.tif,9
Merced/River/river46.tif,9
Merced/River/river47.tif,9
Merced/River/river48.tif,9
Merced/River/river49.tif,9
Merced/River/river50.tif,9
Merced/River/river51.tif,9
Merced/River/river52.tif,9
Merced/River/river53.tif,9
Merced/River/river54.tif,9
Merced/River/river55.tif,9
Merced/River/river56.tif,9
Merced/River/river57.tif,9
Merced/River/river58.tif,9
Merced/River/river59.tif,9
Merced/River/river60.tif,9
Merced/River/river61.tif,9
Merced/River/river62.tif,9
Merced/River/river63.tif,9
Merced/River/river64.tif,9
Merced/River/river65.tif,9
Merced/River/river66.tif,9
Merced/River/river67.tif,9
Merced/River/river68.tif,9
Merced/River/river69.tif,9
Merced/River/river70.tif,9
Merced/River/river71.tif,9
Merced/River/river72.tif,9
Merced/River/river73.tif,9
Merced/River/river74.tif,9
Merced/River/river75.tif,9
Merced/River/river76.tif,9
Merced/River/river77.tif,9
Merced/River/river78.tif,9
Merced/River/river79.tif,9
Merced/River/river80.tif,9
Merced/River/river81.tif,9
Merced/River/river82.tif,9
Merced/River/river83.tif,9
Merced/River/river84.tif,9
Merced/River/river85.tif,9
Merced/River/river86.tif,9
Merced/River/river87.tif,9
Merced/River/river88.tif,9
Merced/River/river89.tif,9
Merced/River/river90.tif,9
Merced/River/river91.tif,9
Merced/River/river92.tif,9
Merced/River/river93.tif,9
Merced/River/river94.tif,9
Merced/River/river95.tif,9
Merced/River/river96.tif,9
Merced/River/river97.tif,9
Merced/River/river98.tif,9
Merced/River/river99.tif,9
Merced/Sparse_Residential/sparseresidential00.tif,9
Merced/Sparse_Residential/sparseresidential01.tif,9
Merced/Sparse_Residential/sparseresidential02.tif,9
Merced/Sparse_Residential/sparseresidential03.tif,9
Merced/Sparse_Residential/sparseresidential04.tif,9
Merced/Sparse_Residential/sparseresidential05.tif,9
Merced/Sparse_Residential/sparseresidential06.tif,9
Merced/Sparse_Residential/sparseresidential07.tif,9
Merced/Sparse_Residential/sparseresidential08.tif,9
Merced/Sparse_Residential/sparseresidential09.tif,9
Merced/Sparse_Residential/sparseresidential10.tif,9
Merced/Sparse_Residential/sparseresidential11.tif,9
Merced/Sparse_Residential/sparseresidential12.tif,9
Merced/Sparse_Residential/sparseresidential13.tif,9
Merced/Sparse_Residential/sparseresidential14.tif,9
Merced/Sparse_Residential/sparseresidential15.tif,9
Merced/Sparse_Residential/sparseresidential16.tif,9
Merced/Sparse_Residential/sparseresidential17.tif,9
Merced/Sparse_Residential/sparseresidential18.tif,9
Merced/Sparse_Residential/sparseresidential19.tif,9
Merced/Sparse_Residential/sparseresidential20.tif,9
Merced/Sparse_Residential/sparseresidential21.tif,9
Merced/Sparse_Residential/sparseresidential22.tif,9
Merced/Sparse_Residential/sparseresidential23.tif,9
Merced/Sparse_Residential/sparseresidential24.tif,9
Merced/Sparse_Residential/sparseresidential25.tif,9
Merced/Sparse_Residential/sparseresidential26.tif,9
Merced/Sparse_Residential/sparseresidential27.tif,9
Merced/Sparse_Residential/sparseresidential28.tif,9
Merced/Sparse_Residential/sparseresidential29.tif,9
Merced/Sparse_Residential/sparseresidential30.tif,9
Merced/Sparse_Residential/sparseresidential31.tif,9
Merced/Sparse_Residential/sparseresidential32.tif,9
Merced/Sparse_Residential/sparseresidential33.tif,9
Merced/Sparse_Residential/sparseresidential34.tif,9
Merced/Sparse_Residential/sparseresidential35.tif,9
Merced/Sparse_Residential/sparseresidential36.tif,9
Merced/Sparse_Residential/sparseresidential37.tif,9
Merced/Sparse_Residential/sparseresidential38.tif,9
Merced/Sparse_Residential/sparseresidential39.tif,9
Merced/Sparse_Residential/sparseresidential40.tif,9
Merced/Sparse_Residential/sparseresidential41.tif,9
Merced/Sparse_Residential/sparseresidential42.tif,9
Merced/Sparse_Residential/sparseresidential43.tif,9
Merced/Sparse_Residential/sparseresidential44.tif,9
Merced/Sparse_Residential/sparseresidential45.tif,9
Merced/Sparse_Residential/sparseresidential46.tif,9
Merced/Sparse_Residential/sparseresidential47.tif,9
Merced/Sparse_Residential/sparseresidential48.tif,9
Merced/Sparse_Residential/sparseresidential49.tif,9
Merced/Sparse_Residential/sparseresidential50.tif,9
Merced/Sparse_Residential/sparseresidential51.tif,9
Merced/Sparse_Residential/sparseresidential52.tif,9
Merced/Sparse_Residential/sparseresidential53.tif,9
Merced/Sparse_Residential/sparseresidential54.tif,9
Merced/Sparse_Residential/sparseresidential55.tif,9
Merced/Sparse_Residential/sparseresidential56.tif,9
Merced/Sparse_Residential/sparseresidential57.tif,9
Merced/Sparse_Residential/sparseresidential58.tif,9
Merced/Sparse_Residential/sparseresidential59.tif,9
Merced/Sparse_Residential/sparseresidential60.tif,9
Merced/Sparse_Residential/sparseresidential61.tif,9
Merced/Sparse_Residential/sparseresidential62.tif,9
Merced/Sparse_Residential/sparseresidential63.tif,9
Merced/Sparse_Residential/sparseresidential64.tif,9
Merced/Sparse_Residential/sparseresidential65.tif,9
Merced/Sparse_Residential/sparseresidential66.tif,9
Merced/Sparse_Residential/sparseresidential67.tif,9
Merced/Sparse_Residential/sparseresidential68.tif,9
Merced/Sparse_Residential/sparseresidential69.tif,9
Merced/Sparse_Residential/sparseresidential70.tif,9
Merced/Sparse_Residential/sparseresidential71.tif,9
Merced/Sparse_Residential/sparseresidential72.tif,9
Merced/Sparse_Residential/sparseresidential73.tif,9
Merced/Sparse_Residential/sparseresidential74.tif,9
Merced/Sparse_Residential/sparseresidential75.tif,9
Merced/Sparse_Residential/sparseresidential76.tif,9
Merced/Sparse_Residential/sparseresidential77.tif,9
Merced/Sparse_Residential/sparseresidential78.tif,9
Merced/Sparse_Residential/sparseresidential79.tif,9
Merced/Sparse_Residential/sparseresidential80.tif,9
Merced/Sparse_Residential/sparseresidential81.tif,9
Merced/Sparse_Residential/sparseresidential82.tif,9
Merced/Sparse_Residential/sparseresidential83.tif,9
Merced/Sparse_Residential/sparseresidential84.tif,9
Merced/Sparse_Residential/sparseresidential85.tif,9
Merced/Sparse_Residential/sparseresidential86.tif,9
Merced/Sparse_Residential/sparseresidential87.tif,9
Merced/Sparse_Residential/sparseresidential88.tif,9
Merced/Sparse_Residential/sparseresidential89.tif,9
Merced/Sparse_Residential/sparseresidential90.tif,9
Merced/Sparse_Residential/sparseresidential91.tif,9
Merced/Sparse_Residential/sparseresidential92.tif,9
Merced/Sparse_Residential/sparseresidential93.tif,9
Merced/Sparse_Residential/sparseresidential94.tif,9
Merced/Sparse_Residential/sparseresidential95.tif,9
Merced/Sparse_Residential/sparseresidential96.tif,9
Merced/Sparse_Residential/sparseresidential97.tif,9
Merced/Sparse_Residential/sparseresidential98.tif,9
Merced/Sparse_Residential/sparseresidential99.tif,9
Merced/Storage_Cisterns/storagetanks00.tif,9
Merced/Storage_Cisterns/storagetanks01.tif,9
Merced/Storage_Cisterns/storagetanks02.tif,9
Merced/Storage_Cisterns/storagetanks03.tif,9
Merced/Storage_Cisterns/storagetanks04.tif,9
Merced/Storage_Cisterns/storagetanks05.tif,9
Merced/Storage_Cisterns/storagetanks06.tif,9
Merced/Storage_Cisterns/storagetanks07.tif,9
Merced/Storage_Cisterns/storagetanks08.tif,9
Merced/Storage_Cisterns/storagetanks09.tif,9
Merced/Storage_Cisterns/storagetanks10.tif,9
Merced/Storage_Cisterns/storagetanks11.tif,9
Merced/Storage_Cisterns/storagetanks12.tif,9
Merced/Storage_Cisterns/storagetanks13.tif,9
Merced/Storage_Cisterns/storagetanks14.tif,9
Merced/Storage_Cisterns/storagetanks15.tif,9
Merced/Storage_Cisterns/storagetanks16.tif,9
Merced/Storage_Cisterns/storagetanks17.tif,9
Merced/Storage_Cisterns/storagetanks18.tif,9
Merced/Storage_Cisterns/storagetanks19.tif,9
Merced/Storage_Cisterns/storagetanks20.tif,9
Merced/Storage_Cisterns/storagetanks21.tif,9
Merced/Storage_Cisterns/storagetanks22.tif,9
Merced/Storage_Cisterns/storagetanks23.tif,9
Merced/Storage_Cisterns/storagetanks24.tif,9
Merced/Storage_Cisterns/storagetanks25.tif,9
Merced/Storage_Cisterns/storagetanks26.tif,9
Merced/Storage_Cisterns/storagetanks27.tif,9
Merced/Storage_Cisterns/storagetanks28.tif,9
Merced/Storage_Cisterns/storagetanks29.tif,9
Merced/Storage_Cisterns/storagetanks30.tif,9
Merced/Storage_Cisterns/storagetanks31.tif,9
Merced/Storage_Cisterns/storagetanks32.tif,9
Merced/Storage_Cisterns/storagetanks33.tif,9
Merced/Storage_Cisterns/storagetanks34.tif,9
Merced/Storage_Cisterns/storagetanks35.tif,9
Merced/Storage_Cisterns/storagetanks36.tif,9
Merced/Storage_Cisterns/storagetanks37.tif,9
Merced/Storage_Cisterns/storagetanks38.tif,9
Merced/Storage_Cisterns/storagetanks39.tif,9
Merced/Storage_Cisterns/storagetanks40.tif,9
Merced/Storage_Cisterns/storagetanks41.tif,9
Merced/Storage_Cisterns/storagetanks42.tif,9
Merced/Storage_Cisterns/storagetanks43.tif,9
Merced/Storage_Cisterns/storagetanks44.tif,9
Merced/Storage_Cisterns/storagetanks45.tif,9
Merced/Storage_Cisterns/storagetanks46.tif,9
Merced/Storage_Cisterns/storagetanks47.tif,9
Merced/Storage_Cisterns/storagetanks48.tif,9
Merced/Storage_Cisterns/storagetanks49.tif,9
Merced/Storage_Cisterns/storagetanks50.tif,9
Merced/Storage_Cisterns/storagetanks51.tif,9
Merced/Storage_Cisterns/storagetanks52.tif,9
Merced/Storage_Cisterns/storagetanks53.tif,9
Merced/Storage_Cisterns/storagetanks54.tif,9
Merced/Storage_Cisterns/storagetanks55.tif,9
Merced/Storage_Cisterns/storagetanks56.tif,9
Merced/Storage_Cisterns/storagetanks57.tif,9
Merced/Storage_Cisterns/storagetanks58.tif,9
Merced/Storage_Cisterns/storagetanks59.tif,9
Merced/Storage_Cisterns/storagetanks60.tif,9
Merced/Storage_Cisterns/storagetanks61.tif,9
Merced/Storage_Cisterns/storagetanks62.tif,9
Merced/Storage_Cisterns/storagetanks63.tif,9
Merced/Storage_Cisterns/storagetanks64.tif,9
Merced/Storage_Cisterns/storagetanks65.tif,9
Merced/Storage_Cisterns/storagetanks66.tif,9
Merced/Storage_Cisterns/storagetanks67.tif,9
Merced/Storage_Cisterns/storagetanks68.tif,9
Merced/Storage_Cisterns/storagetanks69.tif,9
Merced/Storage_Cisterns/storagetanks70.tif,9
Merced/Storage_Cisterns/storagetanks71.tif,9
Merced/Storage_Cisterns/storagetanks72.tif,9
Merced/Storage_Cisterns/storagetanks73.tif,9
Merced/Storage_Cisterns/storagetanks74.tif,9
Merced/Storage_Cisterns/storagetanks75.tif,9
Merced/Storage_Cisterns/storagetanks76.tif,9
Merced/Storage_Cisterns/storagetanks77.tif,9
Merced/Storage_Cisterns/storagetanks78.tif,9
Merced/Storage_Cisterns/storagetanks79.tif,9
Merced/Storage_Cisterns/storagetanks80.tif,9
Merced/Storage_Cisterns/storagetanks81.tif,9
Merced/Storage_Cisterns/storagetanks82.tif,9
Merced/Storage_Cisterns/storagetanks83.tif,9
Merced/Storage_Cisterns/storagetanks84.tif,9
Merced/Storage_Cisterns/storagetanks85.tif,9
Merced/Storage_Cisterns/storagetanks86.tif,9
Merced/Storage_Cisterns/storagetanks87.tif,9
Merced/Storage_Cisterns/storagetanks88.tif,9
Merced/Storage_Cisterns/storagetanks89.tif,9
Merced/Storage_Cisterns/storagetanks90.tif,9
Merced/Storage_Cisterns/storagetanks91.tif,9
Merced/Storage_Cisterns/storagetanks92.tif,9
Merced/Storage_Cisterns/storagetanks93.tif,9
Merced/Storage_Cisterns/storagetanks94.tif,9
Merced/Storage_Cisterns/storagetanks95.tif,9
Merced/Storage_Cisterns/storagetanks96.tif,9
Merced/Storage_Cisterns/storagetanks97.tif,9
Merced/Storage_Cisterns/storagetanks98.tif,9
Merced/Storage_Cisterns/storagetanks99.tif,9
